,演员图片url
0,https://img9.doubanio.com/view/celebrity/s_ratio_celebrity/public/p19136.jpg
1,https://img1.doubanio.com/view/celebrity/s_ratio_celebrity/public/p1501005389.48.jpg
2,https://img3.doubanio.com/view/celebrity/s_ratio_celebrity/public/p22611.jpg
3,https://img1.doubanio.com/view/celebrity/s_ratio_celebrity/public/p4179.jpg
4,https://img1.doubanio.com/view/celebrity/s_ratio_celebrity/public/p24499.jpg
5,https://img3.doubanio.com/view/celebrity/s_ratio_celebrity/public/p32730.jpg
6,https://img9.doubanio.com/view/celebrity/s_ratio_celebrity/public/p1395813809.74.jpg
7,https://img1.doubanio.com/view/celebrity/s_ratio_celebrity/public/p629.jpg
8,https://img3.doubanio.com/view/celebrity/s_ratio_celebrity/public/p17763.jpg
9,https://img3.doubanio.com/view/celebrity/s_ratio_celebrity/public/p1842.jpg
10,https://img1.doubanio.com/view/celebrity/s_ratio_celebrity/public/p1535945355.97.jpg
11,https://img3.doubanio.com/view/celebrity/s_ratio_celebrity/public/p34745.jpg
12,https://img3.doubanio.com/view/celebrity/s_ratio_celebrity/public/p5223.jpg
13,https://img1.doubanio.com/view/celebrity/s_ratio_celebrity/public/p1373797495.97.jpg
14,https://img3.doubanio.com/view/celebrity/s_ratio_celebrity/public/p1559799847.02.jpg
15,https://img3.doubanio.com/view/celebrity/s_ratio_celebrity/public/p1469178134.61.jpg
16,https://img3.doubanio.com/view/celebrity/s_ratio_celebrity/public/p14145.jpg
17,https://img3.doubanio.com/view/celebrity/s_ratio_celebrity/public/p42033.jpg
18,https://img3.doubanio.com/view/celebrity/s_ratio_celebrity/public/p1403680790.83.jpg
19,https://img3.doubanio.com/view/celebrity/s_ratio_celebrity/public/p1379484184.83.jpg
20,https://img3.doubanio.com/view/celebrity/s_ratio_celebrity/public/p803.jpg
21,https://img3.doubanio.com/view/celebrity/s_ratio_celebrity/public/p37050.jpg
22,https://img3.doubanio.com/view/celebrity/s_ratio_celebrity/public/p1403179349.83.jpg
23,https://img9.doubanio.com/view/celebrity/s_ratio_celebrity/public/p20416.jpg
24,https://img1.doubanio.com/view/celebrity/s_ratio_celebrity/public/p1434892991.99.jpg
25,https://img9.doubanio.com/view/celebrity/s_ratio_celebrity/public/p22004.jpg
26,https://img9.doubanio.com/view/celebrity/s_ratio_celebrity/public/p1498117892.84.jpg
27,https://img3.doubanio.com/view/celebrity/s_ratio_celebrity/public/p1382882466.42.jpg
28,https://img3.doubanio.com/view/celebrity/s_ratio_celebrity/public/p7913.jpg
29,https://img1.doubanio.com/view/celebrity/s_ratio_celebrity/public/p4347.jpg
30,https://img3.doubanio.com/view/celebrity/s_ratio_celebrity/public/p5953.jpg
31,https://img3.doubanio.com/view/celebrity/s_ratio_celebrity/public/p27872.jpg
32,https://img1.doubanio.com/view/celebrity/s_ratio_celebrity/public/p19418.jpg
33,https://img1.doubanio.com/view/celebrity/s_ratio_celebrity/public/p25168.jpg
34,https://img1.doubanio.com/view/celebrity/s_ratio_celebrity/public/p32877.jpg
35,https://img1.doubanio.com/view/celebrity/s_ratio_celebrity/public/p20167.jpg
36,https://img3.doubanio.com/view/celebrity/s_ratio_celebrity/public/p58211.jpg
37,https://img1.doubanio.com/view/celebrity/s_ratio_celebrity/public/p30709.jpg
38,https://img1.doubanio.com/view/celebrity/s_ratio_celebrity/public/p1927.jpg
39,https://img3.doubanio.com/view/celebrity/s_ratio_celebrity/public/p1473410979.5.jpg
40,https://img3.doubanio.com/view/celebrity/s_ratio_celebrity/public/p18195.jpg
41,https://img1.doubanio.com/view/celebrity/s_ratio_celebrity/public/p1489536276.29.jpg
42,https://img1.doubanio.com/view/celebrity/s_ratio_celebrity/public/p1358662033.19.jpg
43,https://img3.doubanio.com/view/celebrity/s_ratio_celebrity/public/p1378003189.3.jpg
44,https://img1.doubanio.com/view/celebrity/s_ratio_celebrity/public/p74PPYv5AMUocel_avatar_uploaded1553513106.59.jpg
45,https://img1.doubanio.com/view/celebrity/s_ratio_celebrity/public/p1448870785.59.jpg
46,https://img3.doubanio.com/view/celebrity/s_ratio_celebrity/public/p1382590433.61.jpg
47,https://img9.doubanio.com/view/celebrity/s_ratio_celebrity/public/p1451533455.34.jpg
48,https://img1.doubanio.com/view/celebrity/s_ratio_celebrity/public/p1399631430.19.jpg
49,https://img3.doubanio.com/view/celebrity/s_ratio_celebrity/public/p1529549233.05.jpg
50,https://img9.doubanio.com/view/celebrity/s_ratio_celebrity/public/p1517818343.94.jpg
51,https://img9.doubanio.com/view/celebrity/s_ratio_celebrity/public/p9676.jpg
52,https://img3.doubanio.com/view/celebrity/s_ratio_celebrity/public/p4183.jpg
53,https://img9.doubanio.com/view/celebrity/s_ratio_celebrity/public/p746.jpg
54,https://img9.doubanio.com/view/celebrity/s_ratio_celebrity/public/p1369204786.56.jpg
55,https://img1.doubanio.com/view/celebrity/s_ratio_celebrity/public/p348.jpg
56,https://img3.doubanio.com/view/celebrity/s_ratio_celebrity/public/p1363155390.93.jpg
57,https://img1.doubanio.com/view/celebrity/s_ratio_celebrity/public/p1552578814.99.jpg
58,https://img1.doubanio.com/view/celebrity/s_ratio_celebrity/public/p1563802397.37.jpg
59,https://img9.doubanio.com/view/celebrity/s_ratio_celebrity/public/p1364.jpg
60,https://img1.doubanio.com/view/celebrity/s_ratio_celebrity/public/p1493110606.27.jpg
61,https://img3.doubanio.com/view/celebrity/s_ratio_celebrity/public/p1378956633.91.jpg
62,https://img9.doubanio.com/view/celebrity/s_ratio_celebrity/public/p48854.jpg
63,https://img3.doubanio.com/f/movie/8dd0c794499fe925ae2ae89ee30cd225750457b4/pics/movie/celebrity-default-medium.png
64,https://img3.doubanio.com/view/celebrity/s_ratio_celebrity/public/p1382590992.31.jpg
65,https://img1.doubanio.com/view/celebrity/s_ratio_celebrity/public/p7428.jpg
66,https://img9.doubanio.com/view/celebrity/s_ratio_celebrity/public/p1489596196.14.jpg
67,https://img1.doubanio.com/view/celebrity/s_ratio_celebrity/public/p31798.jpg
68,https://img1.doubanio.com/view/celebrity/s_ratio_celebrity/public/p7427.jpg
69,https://img3.doubanio.com/view/celebrity/s_ratio_celebrity/public/p19811.jpg
70,https://img3.doubanio.com/view/celebrity/s_ratio_celebrity/public/p851.jpg
71,https://img1.doubanio.com/view/celebrity/s_ratio_celebrity/public/p1496749655.98.jpg
72,https://img9.doubanio.com/view/celebrity/s_ratio_celebrity/public/p1500480073.04.jpg
73,https://img3.doubanio.com/view/celebrity/s_ratio_celebrity/public/p35582.jpg
74,https://img1.doubanio.com/view/celebrity/s_ratio_celebrity/public/p10548.jpg
75,https://img3.doubanio.com/view/celebrity/s_ratio_celebrity/public/p28971.jpg
76,https://img3.doubanio.com/view/celebrity/s_ratio_celebrity/public/p36261.jpg
77,https://img3.doubanio.com/view/celebrity/s_ratio_celebrity/public/p46671.jpg
78,https://img1.doubanio.com/view/celebrity/s_ratio_celebrity/public/p1448891682.68.jpg
79,https://img1.doubanio.com/view/celebrity/s_ratio_celebrity/public/p10627.jpg
80,https://img3.doubanio.com/view/celebrity/s_ratio_celebrity/public/p1354430265.42.jpg
81,https://img3.doubanio.com/view/celebrity/s_ratio_celebrity/public/p1412437614.25.jpg
82,https://img1.doubanio.com/view/celebrity/s_ratio_celebrity/public/p26989.jpg
83,https://img3.doubanio.com/view/celebrity/s_ratio_celebrity/public/p33682.jpg
84,https://img9.doubanio.com/view/celebrity/s_ratio_celebrity/public/p1511362485.44.jpg
85,https://img3.doubanio.com/view/celebrity/s_ratio_celebrity/public/p50270.jpg
86,https://img3.doubanio.com/view/celebrity/s_ratio_celebrity/public/p1563209522.31.jpg
87,https://img1.doubanio.com/view/celebrity/s_ratio_celebrity/public/p42278.jpg
88,https://img1.doubanio.com/view/celebrity/s_ratio_celebrity/public/p20858.jpg
89,https://img3.doubanio.com/view/celebrity/s_ratio_celebrity/public/p1537148268.81.jpg
90,https://img1.doubanio.com/view/celebrity/s_ratio_celebrity/public/p1499318442.79.jpg
91,https://img9.doubanio.com/view/celebrity/s_ratio_celebrity/public/p34994.jpg
92,https://img1.doubanio.com/view/celebrity/s_ratio_celebrity/public/p1481224850.68.jpg
93,https://img9.doubanio.com/view/celebrity/s_ratio_celebrity/public/p1370678054.36.jpg
94,https://img1.doubanio.com/view/celebrity/s_ratio_celebrity/public/p4497.jpg
95,https://img9.doubanio.com/view/celebrity/s_ratio_celebrity/public/p11386.jpg
96,https://img9.doubanio.com/view/celebrity/s_ratio_celebrity/public/p1656.jpg
97,https://img3.doubanio.com/view/celebrity/s_ratio_celebrity/public/p24841.jpg
98,https://img3.doubanio.com/view/celebrity/s_ratio_celebrity/public/p9900.jpg
99,https://img1.doubanio.com/view/celebrity/s_ratio_celebrity/public/p1504174456.39.jpg
100,https://img3.doubanio.com/view/celebrity/s_ratio_celebrity/public/p1410538049.83.jpg
101,https://img3.doubanio.com/view/celebrity/s_ratio_celebrity/public/p1472356323.53.jpg
102,https://img3.doubanio.com/view/celebrity/s_ratio_celebrity/public/p1509691563.12.jpg
103,https://img3.doubanio.com/view/celebrity/s_ratio_celebrity/public/p10280.jpg
104,https://img3.doubanio.com/view/celebrity/s_ratio_celebrity/public/p1517581498.31.jpg
105,https://img3.doubanio.com/view/celebrity/s_ratio_celebrity/public/p5431.jpg
106,https://img3.doubanio.com/view/celebrity/s_ratio_celebrity/public/p1534244959.21.jpg
107,https://img3.doubanio.com/view/celebrity/s_ratio_celebrity/public/p601.jpg
108,https://img1.doubanio.com/view/celebrity/s_ratio_celebrity/public/p1459307788.59.jpg
109,https://img9.doubanio.com/view/celebrity/s_ratio_celebrity/public/p18754.jpg
110,https://img3.doubanio.com/view/celebrity/s_ratio_celebrity/public/p32220.jpg
111,https://img1.doubanio.com/view/celebrity/s_ratio_celebrity/public/p35959.jpg
112,https://img3.doubanio.com/view/celebrity/s_ratio_celebrity/public/p37861.jpg
113,https://img3.doubanio.com/view/celebrity/s_ratio_celebrity/public/p10682.jpg
114,https://img9.doubanio.com/view/celebrity/s_ratio_celebrity/public/p53326.jpg
115,https://img3.doubanio.com/view/celebrity/s_ratio_celebrity/public/p1365913316.45.jpg
116,https://img3.doubanio.com/view/celebrity/s_ratio_celebrity/public/p23601.jpg
117,https://img1.doubanio.com/view/celebrity/s_ratio_celebrity/public/p1567192312.69.jpg
118,https://img3.doubanio.com/view/celebrity/s_ratio_celebrity/public/p1581.jpg
119,https://img3.doubanio.com/view/celebrity/s_ratio_celebrity/public/p1366861852.23.jpg
120,https://img3.doubanio.com/view/celebrity/s_ratio_celebrity/public/p40180.jpg
121,https://img1.doubanio.com/view/celebrity/s_ratio_celebrity/public/p1535126238.98.jpg
122,https://img9.doubanio.com/view/celebrity/s_ratio_celebrity/public/p1448893576.64.jpg
123,https://img3.doubanio.com/view/celebrity/s_ratio_celebrity/public/p44690.jpg
124,https://img3.doubanio.com/view/celebrity/s_ratio_celebrity/public/p1353166505.21.jpg
125,https://img9.doubanio.com/view/celebrity/s_ratio_celebrity/public/p1409157457.76.jpg
126,https://img1.doubanio.com/view/celebrity/s_ratio_celebrity/public/p1452342084.7.jpg
127,https://img9.doubanio.com/view/celebrity/s_ratio_celebrity/public/pvCou4TBOKcscel_avatar_uploaded1524764705.46.jpg
128,https://img3.doubanio.com/view/celebrity/s_ratio_celebrity/public/p8832.jpg
129,https://img3.doubanio.com/view/celebrity/s_ratio_celebrity/public/p1515046627.75.jpg
130,https://img9.doubanio.com/view/celebrity/s_ratio_celebrity/public/p38564.jpg
131,https://img9.doubanio.com/view/celebrity/s_ratio_celebrity/public/p9746.jpg
132,https://img1.doubanio.com/view/celebrity/s_ratio_celebrity/public/p6028.jpg
133,https://img3.doubanio.com/view/celebrity/s_ratio_celebrity/public/pJDvWxJkmcIcel_avatar_uploaded1434165047.3.jpg
134,https://img3.doubanio.com/view/celebrity/s_ratio_celebrity/public/p1500646774.95.jpg
135,https://img3.doubanio.com/view/celebrity/s_ratio_celebrity/public/p45182.jpg
136,https://img9.doubanio.com/view/celebrity/s_ratio_celebrity/public/p1456715953.86.jpg
137,https://img3.doubanio.com/view/celebrity/s_ratio_celebrity/public/p33111.jpg
138,https://img1.doubanio.com/view/celebrity/s_ratio_celebrity/public/p1267.jpg
139,https://img9.doubanio.com/view/celebrity/s_ratio_celebrity/public/p1433151947.94.jpg
140,https://img3.doubanio.com/view/celebrity/s_ratio_celebrity/public/p20411.jpg
141,https://img3.doubanio.com/view/celebrity/s_ratio_celebrity/public/p1525664924.95.jpg
142,https://img9.doubanio.com/view/celebrity/s_ratio_celebrity/public/p1555176248.4.jpg
143,https://img9.doubanio.com/view/celebrity/s_ratio_celebrity/public/p1414655610.66.jpg
144,https://img3.doubanio.com/view/celebrity/s_ratio_celebrity/public/p56283.jpg
145,https://img3.doubanio.com/view/celebrity/s_ratio_celebrity/public/p2900.jpg
146,https://img3.doubanio.com/view/celebrity/s_ratio_celebrity/public/p47045.jpg
147,https://img1.doubanio.com/view/celebrity/s_ratio_celebrity/public/p29419.jpg
148,https://img9.doubanio.com/view/celebrity/s_ratio_celebrity/public/p1496496307.94.jpg
149,https://img3.doubanio.com/view/celebrity/s_ratio_celebrity/public/p19812.jpg
150,https://img3.doubanio.com/view/celebrity/s_ratio_celebrity/public/p1413633223.82.jpg
151,https://img3.doubanio.com/view/celebrity/s_ratio_celebrity/public/p57192.jpg
152,https://img9.doubanio.com/view/celebrity/s_ratio_celebrity/public/p26974.jpg
153,https://img1.doubanio.com/view/celebrity/s_ratio_celebrity/public/p588.jpg
154,https://img1.doubanio.com/view/celebrity/s_ratio_celebrity/public/p1370679466.19.jpg
155,https://img3.doubanio.com/view/celebrity/s_ratio_celebrity/public/p1514901022.62.jpg
156,https://img3.doubanio.com/view/celebrity/s_ratio_celebrity/public/p25210.jpg
157,https://img3.doubanio.com/view/celebrity/s_ratio_celebrity/public/p1361009693.81.jpg
158,https://img3.doubanio.com/view/celebrity/s_ratio_celebrity/public/p28305.jpg
159,https://img9.doubanio.com/view/celebrity/s_ratio_celebrity/public/p32556.jpg
160,https://img3.doubanio.com/view/celebrity/s_ratio_celebrity/public/p1559997168.25.jpg
161,https://img3.doubanio.com/view/celebrity/s_ratio_celebrity/public/p793.jpg
162,https://img3.doubanio.com/view/celebrity/s_ratio_celebrity/public/p675.jpg
163,https://img1.doubanio.com/view/celebrity/s_ratio_celebrity/public/p20908.jpg
164,https://img1.doubanio.com/view/celebrity/s_ratio_celebrity/public/p1556953288.68.jpg
165,https://img3.doubanio.com/view/celebrity/s_ratio_celebrity/public/p53321.jpg
166,https://img1.doubanio.com/view/celebrity/s_ratio_celebrity/public/p1416572757.19.jpg
167,https://img3.doubanio.com/view/celebrity/s_ratio_celebrity/public/p21865.jpg
168,https://img3.doubanio.com/view/celebrity/s_ratio_celebrity/public/p1507192927.73.jpg
169,https://img3.doubanio.com/view/celebrity/s_ratio_celebrity/public/p6155.jpg
170,https://img9.doubanio.com/view/celebrity/s_ratio_celebrity/public/p1352698398.16.jpg
171,https://img9.doubanio.com/view/celebrity/s_ratio_celebrity/public/p1365910851.44.jpg
172,https://img3.doubanio.com/view/celebrity/s_ratio_celebrity/public/p1490788429.55.jpg
173,https://img3.doubanio.com/view/celebrity/s_ratio_celebrity/public/p1374641370.21.jpg
174,https://img3.doubanio.com/view/celebrity/s_ratio_celebrity/public/p1366862022.63.jpg
175,https://img3.doubanio.com/view/celebrity/s_ratio_celebrity/public/p205.jpg
176,https://img1.doubanio.com/view/celebrity/s_ratio_celebrity/public/p12449.jpg
177,https://img3.doubanio.com/view/celebrity/s_ratio_celebrity/public/p5321.jpg
178,https://img3.doubanio.com/view/celebrity/s_ratio_celebrity/public/p893.jpg
179,https://img3.doubanio.com/view/celebrity/s_ratio_celebrity/public/p25030.jpg
180,https://img3.doubanio.com/view/celebrity/s_ratio_celebrity/public/p1508145845.01.jpg
181,https://img1.doubanio.com/view/celebrity/s_ratio_celebrity/public/p1516589993.87.jpg
182,https://img1.doubanio.com/view/celebrity/s_ratio_celebrity/public/p1373185590.17.jpg
183,https://img3.doubanio.com/view/celebrity/s_ratio_celebrity/public/p1506179491.3.jpg
184,https://img3.doubanio.com/view/celebrity/s_ratio_celebrity/public/p1538030195.75.jpg
185,https://img1.doubanio.com/view/celebrity/s_ratio_celebrity/public/p1546052037.29.jpg
186,https://img3.doubanio.com/view/celebrity/s_ratio_celebrity/public/p48681.jpg
187,https://img3.doubanio.com/view/celebrity/s_ratio_celebrity/public/p20210.jpg
188,https://img1.doubanio.com/view/celebrity/s_ratio_celebrity/public/p1433053774.19.jpg
189,https://img3.doubanio.com/view/celebrity/s_ratio_celebrity/public/p19712.jpg
190,https://img3.doubanio.com/view/celebrity/s_ratio_celebrity/public/p1570078006.55.jpg
191,https://img1.doubanio.com/view/celebrity/s_ratio_celebrity/public/p2318.jpg
192,https://img9.doubanio.com/view/celebrity/s_ratio_celebrity/public/p46616.jpg
193,https://img9.doubanio.com/view/celebrity/s_ratio_celebrity/public/p14004.jpg
194,https://img3.doubanio.com/view/celebrity/s_ratio_celebrity/public/p27851.jpg
195,https://img3.doubanio.com/view/celebrity/s_ratio_celebrity/public/p24640.jpg
196,https://img9.doubanio.com/view/celebrity/s_ratio_celebrity/public/p56784.jpg
197,https://img9.doubanio.com/view/celebrity/s_ratio_celebrity/public/p1537862549.34.jpg
198,https://img1.doubanio.com/view/celebrity/s_ratio_celebrity/public/p1531238155.57.jpg
199,https://img3.doubanio.com/view/celebrity/s_ratio_celebrity/public/p1500863285.35.jpg
200,https://img3.doubanio.com/view/celebrity/s_ratio_celebrity/public/p48472.jpg
201,https://img1.doubanio.com/view/celebrity/s_ratio_celebrity/public/p1431079529.49.jpg
202,https://img9.doubanio.com/view/celebrity/s_ratio_celebrity/public/p40056.jpg
203,https://img9.doubanio.com/view/celebrity/s_ratio_celebrity/public/p1483453357.64.jpg
204,https://img9.doubanio.com/view/celebrity/s_ratio_celebrity/public/p1526309480.04.jpg
205,https://img1.doubanio.com/view/celebrity/s_ratio_celebrity/public/p1572961533.09.jpg
206,https://img3.doubanio.com/view/celebrity/s_ratio_celebrity/public/p1403277374.05.jpg
207,https://img3.doubanio.com/view/celebrity/s_ratio_celebrity/public/p25343.jpg
208,https://img3.doubanio.com/view/celebrity/s_ratio_celebrity/public/p1360912229.81.jpg
209,https://img1.doubanio.com/view/celebrity/s_ratio_celebrity/public/p3517.jpg
210,https://img9.doubanio.com/view/celebrity/s_ratio_celebrity/public/p35594.jpg
211,https://img3.doubanio.com/view/celebrity/s_ratio_celebrity/public/p33141.jpg
212,https://img9.doubanio.com/view/celebrity/s_ratio_celebrity/public/p1363937868.66.jpg
213,https://img1.doubanio.com/view/celebrity/s_ratio_celebrity/public/p1373357104.97.jpg
214,https://img9.doubanio.com/view/celebrity/s_ratio_celebrity/public/p844.jpg
215,https://img1.doubanio.com/view/celebrity/s_ratio_celebrity/public/p31577.jpg
216,https://img9.doubanio.com/view/celebrity/s_ratio_celebrity/public/p13776.jpg
217,https://img9.doubanio.com/view/celebrity/s_ratio_celebrity/public/p2236.jpg
218,https://img1.doubanio.com/view/celebrity/s_ratio_celebrity/public/p35978.jpg
219,https://img9.doubanio.com/view/celebrity/s_ratio_celebrity/public/p40834.jpg
220,https://img9.doubanio.com/view/celebrity/s_ratio_celebrity/public/p1505964712.56.jpg
221,https://img9.doubanio.com/view/celebrity/s_ratio_celebrity/public/p25694.jpg
222,https://img1.doubanio.com/view/celebrity/s_ratio_celebrity/public/p11918.jpg
223,https://img3.doubanio.com/view/celebrity/s_ratio_celebrity/public/p1570299597.65.jpg
224,https://img3.doubanio.com/view/celebrity/s_ratio_celebrity/public/p1389939796.3.jpg
225,https://img9.doubanio.com/view/celebrity/s_ratio_celebrity/public/p24306.jpg
226,https://img9.doubanio.com/view/celebrity/s_ratio_celebrity/public/p1465540845.46.jpg
227,https://img9.doubanio.com/view/celebrity/s_ratio_celebrity/public/p1420615848.64.jpg
228,https://img1.doubanio.com/view/celebrity/s_ratio_celebrity/public/p519.jpg
229,https://img9.doubanio.com/view/celebrity/s_ratio_celebrity/public/p53524.jpg
230,https://img3.doubanio.com/view/celebrity/s_ratio_celebrity/public/p35671.jpg
231,https://img3.doubanio.com/view/celebrity/s_ratio_celebrity/public/p1407683852.1.jpg
232,https://img1.doubanio.com/view/celebrity/s_ratio_celebrity/public/p1575133366.7.jpg
233,https://img1.doubanio.com/view/celebrity/s_ratio_celebrity/public/p1421047436.79.jpg
234,https://img3.doubanio.com/view/celebrity/s_ratio_celebrity/public/p1559732087.83.jpg
235,https://img3.doubanio.com/view/celebrity/s_ratio_celebrity/public/p1425336253.33.jpg
236,https://img3.doubanio.com/view/celebrity/s_ratio_celebrity/public/p6160.jpg
237,https://img3.doubanio.com/view/celebrity/s_ratio_celebrity/public/p11292.jpg
238,https://img9.doubanio.com/view/celebrity/s_ratio_celebrity/public/p1548502372.64.jpg
239,https://img1.doubanio.com/view/celebrity/s_ratio_celebrity/public/p1502838865.87.jpg
240,https://img3.doubanio.com/view/celebrity/s_ratio_celebrity/public/p6610.jpg
241,https://img1.doubanio.com/view/celebrity/s_ratio_celebrity/public/p1487850112.67.jpg
242,https://img1.doubanio.com/view/celebrity/s_ratio_celebrity/public/p1359535205.49.jpg
243,https://img1.doubanio.com/view/celebrity/s_ratio_celebrity/public/p1403272991.99.jpg
244,https://img1.doubanio.com/view/celebrity/s_ratio_celebrity/public/p1549.jpg
245,https://img3.doubanio.com/view/celebrity/s_ratio_celebrity/public/p5690.jpg
246,https://img9.doubanio.com/view/celebrity/s_ratio_celebrity/public/p1371973830.94.jpg
247,https://img3.doubanio.com/view/celebrity/s_ratio_celebrity/public/p8113.jpg
248,https://img3.doubanio.com/view/celebrity/s_ratio_celebrity/public/p7723.jpg
249,https://img3.doubanio.com/view/celebrity/s_ratio_celebrity/public/p1364111825.95.jpg
250,https://img9.doubanio.com/view/celebrity/s_ratio_celebrity/public/p41404.jpg
251,https://img9.doubanio.com/view/celebrity/s_ratio_celebrity/public/p1565948384.36.jpg
252,https://img9.doubanio.com/view/celebrity/s_ratio_celebrity/public/p1551408951.04.jpg
253,https://img3.doubanio.com/view/celebrity/s_ratio_celebrity/public/p1528159961.91.jpg
254,https://img3.doubanio.com/view/celebrity/s_ratio_celebrity/public/p1569318007.83.jpg
255,https://img1.doubanio.com/view/celebrity/s_ratio_celebrity/public/p56188.jpg
256,https://img9.doubanio.com/view/celebrity/s_ratio_celebrity/public/p3186.jpg
257,https://img3.doubanio.com/view/celebrity/s_ratio_celebrity/public/p1515744596.63.jpg
258,https://img9.doubanio.com/view/celebrity/s_ratio_celebrity/public/p3504.jpg
259,https://img1.doubanio.com/view/celebrity/s_ratio_celebrity/public/p1361354968.19.jpg
260,https://img1.doubanio.com/view/celebrity/s_ratio_celebrity/public/p3237.jpg
261,https://img3.doubanio.com/view/celebrity/s_ratio_celebrity/public/p1530765582.01.jpg
262,https://img1.doubanio.com/view/celebrity/s_ratio_celebrity/public/p46727.jpg
263,https://img1.doubanio.com/view/celebrity/s_ratio_celebrity/public/p7828.jpg
264,https://img3.doubanio.com/view/celebrity/s_ratio_celebrity/public/p19725.jpg
265,https://img9.doubanio.com/view/celebrity/s_ratio_celebrity/public/p1397205887.56.jpg
266,https://img9.doubanio.com/view/celebrity/s_ratio_celebrity/public/p1406903709.34.jpg
267,https://img1.doubanio.com/view/celebrity/s_ratio_celebrity/public/p1407766093.88.jpg
268,https://img9.doubanio.com/view/celebrity/s_ratio_celebrity/public/p12624.jpg
269,https://img3.doubanio.com/view/celebrity/s_ratio_celebrity/public/p1559632146.61.jpg
270,https://img9.doubanio.com/view/celebrity/s_ratio_celebrity/public/p1500863395.86.jpg
271,https://img1.doubanio.com/view/celebrity/s_ratio_celebrity/public/p1556087303.07.jpg
272,https://img3.doubanio.com/view/celebrity/s_ratio_celebrity/public/p1567358427.85.jpg
273,https://img9.doubanio.com/view/celebrity/s_ratio_celebrity/public/p47724.jpg
274,https://img1.doubanio.com/view/celebrity/s_ratio_celebrity/public/p1412604430.08.jpg
275,https://img1.doubanio.com/view/celebrity/s_ratio_celebrity/public/p1568097030.58.jpg
276,https://img3.doubanio.com/view/celebrity/s_ratio_celebrity/public/p5993.jpg
277,https://img3.doubanio.com/view/celebrity/s_ratio_celebrity/public/p34375.jpg
278,https://img1.doubanio.com/view/celebrity/s_ratio_celebrity/public/p1390369293.67.jpg
279,https://img3.doubanio.com/view/celebrity/s_ratio_celebrity/public/p262.jpg
280,https://img9.doubanio.com/view/celebrity/s_ratio_celebrity/public/p1488287356.16.jpg
281,https://img9.doubanio.com/view/celebrity/s_ratio_celebrity/public/p20326.jpg
282,https://img3.doubanio.com/view/celebrity/s_ratio_celebrity/public/p20615.jpg
283,https://img9.doubanio.com/view/celebrity/s_ratio_celebrity/public/p15184.jpg
284,https://img1.doubanio.com/view/celebrity/s_ratio_celebrity/public/p6047.jpg
285,https://img3.doubanio.com/view/celebrity/s_ratio_celebrity/public/p1489658431.3.jpg
286,https://img1.doubanio.com/view/celebrity/s_ratio_celebrity/public/p49177.jpg
287,https://img3.doubanio.com/view/celebrity/s_ratio_celebrity/public/p14633.jpg
288,https://img3.doubanio.com/view/celebrity/s_ratio_celebrity/public/p1417922687.82.jpg
289,https://img3.doubanio.com/view/celebrity/s_ratio_celebrity/public/p40945.jpg
290,https://img3.doubanio.com/view/celebrity/s_ratio_celebrity/public/p6163.jpg
291,https://img9.doubanio.com/view/celebrity/s_ratio_celebrity/public/p46.jpg
292,https://img3.doubanio.com/view/celebrity/s_ratio_celebrity/public/p1506337656.05.jpg
293,https://img3.doubanio.com/view/celebrity/s_ratio_celebrity/public/p1394446025.33.jpg
294,https://img9.doubanio.com/view/celebrity/s_ratio_celebrity/public/p1361266244.86.jpg
295,https://img1.doubanio.com/view/celebrity/s_ratio_celebrity/public/p1394183666.88.jpg
296,https://img3.doubanio.com/view/celebrity/s_ratio_celebrity/public/p1538278568.92.jpg
297,https://img3.doubanio.com/view/celebrity/s_ratio_celebrity/public/p1378003599.02.jpg
298,https://img3.doubanio.com/view/celebrity/s_ratio_celebrity/public/p6422.jpg
299,https://img3.doubanio.com/view/celebrity/s_ratio_celebrity/public/p16385.jpg
300,https://img3.doubanio.com/view/celebrity/s_ratio_celebrity/public/p18063.jpg
301,https://img3.doubanio.com/view/celebrity/s_ratio_celebrity/public/p37040.jpg
302,https://img3.doubanio.com/view/celebrity/s_ratio_celebrity/public/p37051.jpg
303,https://img3.doubanio.com/view/celebrity/s_ratio_celebrity/public/p36683.jpg
304,https://img1.doubanio.com/view/celebrity/s_ratio_celebrity/public/p31847.jpg
305,https://img3.doubanio.com/view/celebrity/s_ratio_celebrity/public/p10801.jpg
306,https://img3.doubanio.com/view/celebrity/s_ratio_celebrity/public/p36762.jpg
307,https://img3.doubanio.com/view/celebrity/s_ratio_celebrity/public/p6252.jpg
308,https://img3.doubanio.com/view/celebrity/s_ratio_celebrity/public/p1517921928.93.jpg
309,https://img3.doubanio.com/view/celebrity/s_ratio_celebrity/public/p28520.jpg
310,https://img1.doubanio.com/view/celebrity/s_ratio_celebrity/public/p1500864351.47.jpg
311,https://img9.doubanio.com/view/celebrity/s_ratio_celebrity/public/p36586.jpg
312,https://img3.doubanio.com/view/celebrity/s_ratio_celebrity/public/p32863.jpg
313,https://img9.doubanio.com/view/celebrity/s_ratio_celebrity/public/p1382584366.26.jpg
314,https://img1.doubanio.com/view/celebrity/s_ratio_celebrity/public/p1537862268.58.jpg
315,https://img3.doubanio.com/view/celebrity/s_ratio_celebrity/public/p9015.jpg
316,https://img3.doubanio.com/view/celebrity/s_ratio_celebrity/public/p1421.jpg
317,https://img3.doubanio.com/view/celebrity/s_ratio_celebrity/public/p1452321542.83.jpg
318,https://img3.doubanio.com/view/celebrity/s_ratio_celebrity/public/p12583.jpg
319,https://img1.doubanio.com/view/celebrity/s_ratio_celebrity/public/p19299.jpg
320,https://img1.doubanio.com/view/celebrity/s_ratio_celebrity/public/p1372060655.97.jpg
321,https://img9.doubanio.com/view/celebrity/s_ratio_celebrity/public/p40164.jpg
322,https://img9.doubanio.com/view/celebrity/s_ratio_celebrity/public/p48044.jpg
323,https://img3.doubanio.com/view/celebrity/s_ratio_celebrity/public/p41461.jpg
324,https://img3.doubanio.com/view/celebrity/s_ratio_celebrity/public/p2081.jpg
325,https://img9.doubanio.com/view/celebrity/s_ratio_celebrity/public/p47954.jpg
326,https://img3.doubanio.com/view/celebrity/s_ratio_celebrity/public/p911.jpg
327,https://img3.doubanio.com/view/celebrity/s_ratio_celebrity/public/p33190.jpg
328,https://img3.doubanio.com/view/celebrity/s_ratio_celebrity/public/p26240.jpg
329,https://img9.doubanio.com/view/celebrity/s_ratio_celebrity/public/p1370404949.04.jpg
330,https://img1.doubanio.com/view/celebrity/s_ratio_celebrity/public/p12648.jpg
331,https://img3.doubanio.com/view/celebrity/s_ratio_celebrity/public/p50940.jpg
332,https://img1.doubanio.com/view/celebrity/s_ratio_celebrity/public/p1405167243.79.jpg
333,https://img3.doubanio.com/view/celebrity/s_ratio_celebrity/public/p52371.jpg
334,https://img3.doubanio.com/view/celebrity/s_ratio_celebrity/public/p46830.jpg
335,https://img3.doubanio.com/view/celebrity/s_ratio_celebrity/public/p1470318865.13.jpg
336,https://img1.doubanio.com/view/celebrity/s_ratio_celebrity/public/p1575881861.08.jpg
337,https://img1.doubanio.com/view/celebrity/s_ratio_celebrity/public/p32547.jpg
338,https://img3.doubanio.com/view/celebrity/s_ratio_celebrity/public/p10080.jpg
339,https://img1.doubanio.com/view/celebrity/s_ratio_celebrity/public/p1560494719.79.jpg
340,https://img3.doubanio.com/view/celebrity/s_ratio_celebrity/public/p1369212463.55.jpg
